employee_id,first_name,last_name,email,address,phone_number,clocked_in,date_hired
E569321738-8,Emelita,Cuthbertson,ecuthbertsonr@marketwatch.com,368 1st Alley,591-578-0263,10/22/2020 0:00,7/27/2004
E002730958-4,Anette,Nare,anare0@goo.ne.jp,51 Transport Junction,871-450-8734,10/22/2020 0:37,4/19/2005
E173766832-7,Galvan,Barke,gbarke1o@wsj.com,4 Westerfield Center,719-634-1163,10/22/2020 0:43,5/11/2019
E767582271-4,Horatius,Scobie,hscobie2r@ask.com,46489 Corry Crossing,194-578-0042,10/22/2020 0:44,3/28/2005
E994400969-5,Lucky,Slessar,lslessar2i@wordpress.org,7 8th Point,781-555-9069,10/22/2020 0:46,11/9/2015
E238784262-6,Geoffry,Mattusov,gmattusov1h@fastcompany.com,0305 Clarendon Lane,347-643-2335,10/22/2020 0:48,5/12/2006
E549193235-3,Rab,Dedham,rdedham8@hatena.ne.jp,0791 Farragut Road,444-903-1024,10/22/2020 0:49,10/9/2006
E932383184-0,Magdalen,Habble,mhabble2a@yahoo.com,62 Merrick Terrace,820-692-6510,10/22/2020 1:14,2/7/2018
E098634491-5,Andie,Rankine,arankineo@freewebs.com,872 Columbus Court,191-586-5737,10/22/2020 1:28,12/6/2013
E035866010-6,Malissa,Mummery,mmummery2k@blog.com,415 Bluejay Hill,807-685-2077,10/22/2020 2:01,10/6/2002
E628590413-8,Robby,Axworthy,raxworthy1d@merriam-webster.com,86155 Orin Lane,703-222-7157,10/22/2020 2:09,11/8/2004
E259950699-9,Lindy,Rops,lrops1@booking.com,8705 Del Sol Place,316-259-8642,10/22/2020 2:30,9/18/2003
E268775104-9,Bealle,Jira,bjiral@liveinternet.ru,74 Upham Point,504-311-4168,10/22/2020 2:41,8/1/2011
E370350098-0,Meris,Stockton,mstocktonj@furl.net,52 Boyd Circle,214-927-1304,10/22/2020 2:42,6/20/2015
E874903957-1,Cleavland,Greggersen,cgreggersen1n@google.ca,8 Redwing Way,814-328-7660,10/22/2020 2:49,1/16/2019
E316442525-2,Chucho,Seres,cseresv@amazon.co.jp,5 Autumn Leaf Plaza,772-531-4999,10/22/2020 2:59,4/7/2009
E122366432-5,Ruy,Dun,rdun2@amazon.co.jp,62 Stone Corner Parkway,964-582-8139,10/22/2020 3:11,1/22/2006
E223725169-X,Dorise,Zimmermanns,dzimmermanns1p@vkontakte.ru,65536 Westerfield Drive,136-240-1043,10/22/2020 3:29,7/19/2005
E265604863-X,Lindsey,Harpham,lharpham23@cbsnews.com,857 Eagle Crest Avenue,360-512-3630,10/22/2020 3:33,1/18/2005
E564877819-8,Horatio,Roll,hroll29@behance.net,42 Tony Junction,776-974-4086,10/22/2020 3:38,1/15/2008
E728914929-7,Rustin,Burds,rburdsb@linkedin.com,63 Acker Center,162-683-1619,10/22/2020 3:52,1/5/2008
E573157662-9,Sabrina,Laying,slayingx@spiegel.de,9 Maywood Hill,142-346-0533,10/22/2020 3:53,12/7/2013
E389203237-8,Meir,Root,mrootz@sourceforge.net,1832 Westridge Crossing,641-142-2868,10/22/2020 4:08,5/18/2007
E768080015-4,Katy,Plumridge,kplumridge21@eepurl.com,2 Portage Center,303-702-5594,10/22/2020 4:19,3/9/2019
E100181454-1,Hilly,Malling,hmalling2c@cbsnews.com,3414 Golf Point,324-403-8598,10/22/2020 4:28,7/4/2008
E787184931-X,Etta,Gravett,egravett1a@google.com.hk,498 Stephen Way,210-432-2199,10/22/2020 4:31,7/29/2001
E047885023-9,Thaddeus,Gopsall,tgopsall2l@yelp.com,30 Merry Way,734-363-1610,10/22/2020 4:57,12/9/2008
E311106623-1,Virgie,Parkhouse,vparkhouse1b@economist.com,9604 Straubel Avenue,295-946-8889,10/22/2020 5:16,10/24/2019
E989964449-8,Karlyn,Lamberth,klamberth12@ihg.com,33 Crescent Oaks Lane,936-165-7262,10/22/2020 5:24,2/5/2013
E768251656-9,Valdemar,O'Donegan,vodonegan1q@paypal.com,47808 Mitchell Lane,607-716-9604,10/22/2020 5:40,6/21/2017
E425282392-7,Wyatan,Gumley,wgumley1x@ox.ac.uk,584 Dayton Hill,877-409-1923,10/22/2020 6:13,4/18/2013
E161606676-8,Ted,Matteotti,tmatteotti3@netlog.com,55877 John Wall Pass,687-668-2066,10/22/2020 6:45,1/18/2005
E400109914-4,Prudi,Steuart,psteuart17@usgs.gov,24 Johnson Way,111-575-1503,10/22/2020 6:50,4/29/2017
E279958770-4,Keely,Hanham,khanham2d@domainmarket.com,46 Monterey Alley,155-486-8166,10/22/2020 7:22,5/9/2014
E152075054-4,Kamilah,Domengue,kdomengue18@smh.com.au,22 Fallview Circle,146-431-5872,10/22/2020 7:24,8/19/2003
E769348203-2,Anthony,Maven,amaven1e@booking.com,131 Moulton Crossing,954-743-8390,10/22/2020 7:36,9/10/2016
E966724500-4,Carlita,Elsie,celsie2o@toplist.cz,16526 Shoshone Park,383-190-1167,10/22/2020 7:41,4/8/2008
E709721373-6,Arvin,Andreolli,aandreolli24@phoca.cz,58 Annamark Hill,101-504-0354,10/22/2020 7:45,5/2/2012
E526547558-3,Giacobo,Karus,gkarust@fotki.com,4510 Shelley Center,365-760-2917,10/22/2020 8:04,6/19/2015
E948802623-5,Lilia,Bowen,lbowenk@unesco.org,91 Reinke Road,506-638-5106,10/22/2020 8:12,9/25/2003
E130761876-6,Marys,Gawke,mgawke27@w3.org,9 Kropf Point,687-533-2779,10/22/2020 8:30,1/13/2005
E015523682-2,Pennie,Windus,pwindus1c@eventbrite.com,8 Lunder Hill,950-127-2536,10/22/2020 8:46,7/10/2015
E175414192-7,Fowler,Braam,fbraam1j@tripadvisor.com,64350 Farwell Pass,205-166-4635,10/22/2020 8:46,10/2/2005
E978092756-5,Tove,Dodds,tdoddsp@japanpost.jp,55 Scoville Avenue,272-432-2080,10/22/2020 8:50,12/5/2001
E179573631-3,Coleen,Punshon,cpunshons@tripod.com,206 Kim Plaza,346-434-2911,10/22/2020 8:55,4/26/2009
E936422760-3,Libbie,Caulcott,lcaulcott16@clickbank.net,757 Veith Avenue,456-687-2066,10/22/2020 9:08,3/15/2004
E176224889-1,Nicky,Connikie,nconnikie26@howstuffworks.com,2253 Loeprich Crossing,189-118-1140,10/22/2020 9:17,11/16/2007
E540690812-X,Diena,Kuzemka,dkuzemka2q@state.tx.us,3 Doe Crossing Alley,431-982-2706,10/22/2020 9:30,12/17/2002
E947010894-9,Leroi,Perrycost,lperrycostf@newsvine.com,1 Nelson Way,415-538-8505,10/22/2020 9:39,11/5/2013
E749294844-1,Alys,Cressar,acressarm@businessweek.com,408 Nelson Plaza,189-557-3756,10/22/2020 9:40,4/2/2006
E861822168-6,Anet,Deinhardt,adeinhardt1v@seesaa.net,1 Oneill Street,425-280-3190,10/22/2020 9:59,4/16/2005
E957693141-X,Philis,Whinray,pwhinray2f@answers.com,872 Warbler Place,125-241-2705,10/22/2020 10:03,7/29/2004
E612694158-6,Tobi,Blenkinsop,tblenkinsop1z@cloudflare.com,9365 Northfield Court,124-503-8863,10/22/2020 10:07,10/6/2007
E553195157-4,Andree,Gowans,agowans5@youku.com,474 7th Park,972-325-7761,10/22/2020 10:08,10/31/2005
E846421296-8,Amabel,Callis,acallis20@booking.com,1520 Loomis Street,225-757-6127,10/22/2020 10:51,5/22/2004
E660836158-0,Hammad,Snead,hsnead1k@sfgate.com,217 Del Sol Hill,265-798-8919,10/22/2020 10:53,9/13/2002
E237806840-9,Ashia,Brydie,abrydiew@stumbleupon.com,0 Raven Road,181-359-9805,10/22/2020 10:58,4/21/2002
E449866299-7,Morgen,Liversedge,mliversedgee@fema.gov,3 Clemons Trail,156-100-5195,10/22/2020 11:17,3/3/2001
E395893225-8,Berky,Siddaley,bsiddaley1i@storify.com,89357 Riverside Terrace,694-851-9056,10/22/2020 11:29,12/8/2005
E478507098-6,Shep,Coatsworth,scoatsworth1l@macromedia.com,54721 Mariners Cove Drive,573-920-7229,10/22/2020 11:45,1/30/2003
E046121394-X,Carlyn,Glanville,cglanville15@tmall.com,3654 Eagle Crest Plaza,266-740-9637,10/22/2020 12:09,10/5/2009
E952105906-0,Zebadiah,Whitsun,zwhitsun1u@ted.com,14593 Jenna Parkway,423-727-0369,10/22/2020 12:27,2/1/2002
E716799988-1,Torey,Smithe,tsmithe1m@vk.com,840 Dayton Crossing,124-423-5904,10/22/2020 12:35,10/17/2009
E955623057-2,Steffane,St Quenin,sstquenin19@marketwatch.com,364 Jenifer Alley,402-845-3764,10/22/2020 13:12,5/12/2018
E068397496-3,Dorise,Branchet,dbranchet25@rambler.ru,4 Prentice Parkway,763-453-9558,10/22/2020 13:23,10/2/2017
E718792150-0,Rosmunda,Lowfill,rlowfill1t@shareasale.com,488 Daystar Terrace,697-131-7335,10/22/2020 13:24,4/14/2004
E068439228-3,Lory,Lauchlan,llauchlan2n@behance.net,0873 Di Loreto Point,517-153-6540,10/22/2020 13:25,12/28/2014
E735007084-5,Keslie,Comsty,kcomstya@cam.ac.uk,214 Shasta Drive,759-645-3045,10/22/2020 13:40,10/17/2017
E848746700-8,Bobby,Dallon,bdallon2g@sciencedirect.com,58325 Ilene Lane,226-902-9127,10/22/2020 13:41,3/1/2003
E191500809-3,Nickolaus,Lafont,nlafont13@google.nl,0575 Dovetail Center,700-904-4127,10/22/2020 13:47,6/5/2013
E649762503-8,Jock,Druett,jdruett22@a8.net,089 2nd Place,309-611-2888,10/22/2020 13:48,9/24/2016
E247421236-1,Raymund,Dufour,rdufour2e@pcworld.com,9 Doe Crossing Road,320-243-7629,10/22/2020 13:59,2/16/2017
E280380973-7,Lazar,Packwood,lpackwood28@purevolume.com,06949 7th Center,730-818-5386,10/22/2020 14:00,1/5/2004
E436229125-3,Faber,Denziloe,fdenziloey@slate.com,47 Waxwing Court,867-814-0534,10/22/2020 14:22,1/30/2013
E678727583-8,Jaquenetta,Drivers,jdrivers11@naver.com,85 Ridgeview Court,575-892-1945,10/22/2020 14:41,11/24/2015
E532143762-9,Maxie,Brentnall,mbrentnalln@google.co.uk,7 American Parkway,543-225-8217,10/22/2020 15:03,4/19/2010
E409830565-8,Carney,Minker,cminker14@newyorker.com,8 Dorton Circle,463-517-3006,10/22/2020 15:05,11/21/2003
E852411464-9,Missie,Shoebottom,mshoebottom2p@berkeley.edu,00694 Farragut Drive,216-664-0097,10/22/2020 15:19,11/9/2018
E244030467-0,Imelda,Maddocks,imaddocksc@shop-pro.jp,169 Eagle Crest Avenue,270-966-9892,10/22/2020 15:23,9/4/2016
E491766151-X,Jacqui,Minghella,jminghellaq@angelfire.com,5783 Namekagon Way,123-365-9846,10/22/2020 15:46,4/5/2011
E080544963-9,Celeste,Gue,cgue1w@elegantthemes.com,80960 Quincy Trail,232-479-5724,10/22/2020 17:40,4/11/2006
E278439692-4,Drusie,MacCague,dmaccagueg@columbia.edu,9091 Oneill Road,131-505-3969,10/22/2020 17:46,11/10/2014
E921050002-4,Ashly,Brettor,abrettor2j@businessweek.com,000 Hallows Park,103-875-5547,10/22/2020 17:52,4/21/2006
E199205436-3,Carmelita,Wyse,cwyse1r@skyrock.com,5373 Green Ridge Circle,238-384-0112,10/22/2020 17:53,1/2/2009
E460510684-7,Zola,Petrillo,zpetrillo7@acquirethisname.com,78 Mockingbird Place,346-205-6209,10/22/2020 18:09,11/21/2009
E583827349-6,Lillis,Hallbord,lhallbord1y@theglobeandmail.com,6121 Meadow Ridge Center,780-159-0889,10/22/2020 18:09,8/18/2007
E250230035-5,Agustin,Bonas,abonasu@a8.net,55108 Melby Drive,234-524-0889,10/22/2020 18:17,2/17/2015
E066662186-1,Florella,Eggerton,feggerton6@tmall.com,5 Valley Edge Drive,331-654-2429,10/22/2020 18:18,11/11/2003
E915433789-5,Constantia,Littrell,clittrell2h@goo.gl,60154 Forster Terrace,544-755-8736,10/22/2020 18:42,8/24/2017
E229381915-9,Corissa,Leese,cleese9@devhub.com,6 Vernon Circle,838-946-3060,10/22/2020 18:52,8/8/2013
E807562006-2,Loren,Brecher,lbrecheri@yahoo.co.jp,6 Ridgeview Place,334-164-8965,10/22/2020 19:16,11/15/2008
E891626253-4,Leena,Worman,lwormanh@odnoklassniki.ru,261 Gina Parkway,530-824-1478,10/22/2020 19:53,4/3/2003
E528861241-2,Emelda,Mesant,emesant1g@networksolutions.com,1 Springview Junction,239-946-3472,10/22/2020 20:08,11/30/2018
E590398301-4,Quincy,Caneo,qcaneo1f@furl.net,10 Butterfield Crossing,941-398-4839,10/22/2020 21:19,9/6/2002
E191932958-7,Loren,Nanuccioi,lnanuccioi2m@reuters.com,74 Acker Center,703-650-2780,10/22/2020 21:39,9/26/2003
E798518349-3,Durand,McKibbin,dmckibbin4@alexa.com,353 Monica Street,332-921-6571,10/22/2020 22:12,8/4/2007
E163057678-6,Correy,Bowlesworth,cbowlesworth10@foxnews.com,8 Daystar Avenue,696-541-3369,10/22/2020 22:58,12/12/2012
E247884184-3,Geno,Van den Oord,gvandenoordd@europa.eu,056 Claremont Road,923-828-9807,10/22/2020 23:10,6/22/2010
E777701112-X,Cleopatra,Gotling,cgotling1s@bing.com,14 Londonderry Parkway,702-932-2542,10/22/2020 23:17,1/21/2014
E219851480-X,Barbabas,Bathow,bbathow2b@vistaprint.com,335 Schlimgen Junction,414-801-2901,10/22/2020 23:22,5/9/2018
